{
    "parent": "sheepearrr:root",
    "criteria": {
        "add": {
            "trigger": "minecraft:tick"
        }
    },
    "display": {
        "icon": {
            "id": "minecraft:oak_sapling",
            "components": {
                "custom_model_data": {
                    "strings": [
                        "sheep_ft_icon"
                    ]
                }
            }
        },
        "announce_to_chat": false,
        "show_toast": false,
        "frame": "goal",
        "title": {
            "text": "FallingTrees"
        },
        "description": {
            "text": "Download the \"FallingTrees\" datapack",
            "color": "gray"
        }
    }
}