{
    "criteria": {
        "add": {
            "trigger": "minecraft:tick"
        }
    },
    "display": {
        "description": {
            "text": "Download any of Sheepearrr's datapacks.",
            "color": "gray"
        },
        "title": {
            "text": "Sheepearrr"
        },
        "icon": {
            "id": "minecraft:white_wool",
            "count": 1,
            "components": {
                "custom_model_data": {
                    "strings": [
                        "sheeplib_adv_logo"
                    ]
                }
            }
        },
        "announce_to_chat": false,
        "show_toast": false,
        "frame": "challenge",
        "background": "minecraft:block/raw_gold_block"
    }
}