{
  "condition": "minecraft:all_of",
  "terms": [
    {
      "condition": "minecraft:entity_properties",
      "entity": "this",
      "predicate": {
        "type": [
          "minecraft:skeleton",
          "minecraft:zombie",
          "minecraft:creeper",
          "minecraft:spider",
          "minecraft:enderman",
          "minecraft:stray",
          "minecraft:witch",
          "minecraft:zombie_villager",
          "minecraft:husk"
        ],
        "location": {
          "position": {
            "y": {
              "min": 105,
              "max": 256
            }
          },
          "biomes": [
            "minecraft:meadow",
            "minecraft:jagged_peaks",
            "minecraft:stony_peaks",
            "minecraft:frozen_peaks",
            "minecraft:snowy_slopes",
            "minecraft:grove",
            "minecraft:cherry_grove",
            "minecraft:savanna_plateau",
            "minecraft:wooded_badlands"
          ]
        }
      }
    }
  ]
}