{
    "type": "minecraft:block",
    "functions": [
        {
            "function": "minecraft:explosion_decay"
        }
    ],
    "pools": [
        {
            "bonus_rolls": 0.0,
            "entries": [
                {
                    "type": "minecraft:item",
                    "name": "minecraft:potato"
                }
            ],
            "rolls": 1.0
        },
        {
            "bonus_rolls": 0.0,
            "conditions": [
                {
                    "block": "minecraft:potatoes",
                    "condition": "minecraft:block_state_property",
                    "properties": {
                        "age": "7"
                    }
                }
            ],
            "entries": [
                {
                    "type": "minecraft:item",
                    "functions": [
                        {
                            "enchantment": "minecraft:fortune",
                            "formula": "minecraft:binomial_with_bonus_count",
                            "function": "minecraft:apply_bonus",
                            "parameters": {
                                "extra": 3,
                                "probability": 0.5714286
                            }
                        }
                    ],
                    "name": "minecraft:potato"
                }
            ],
            "rolls": 1.0
        },
        {
            "bonus_rolls": 0.0,
            "conditions": [
                {
                    "block": "minecraft:potatoes",
                    "condition": "minecraft:block_state_property",
                    "properties": {
                        "age": "7"
                    }
                }
            ],
            "entries": [
                {
                    "type": "minecraft:item",
                    "conditions": [
                        {
                            "chance": 0.02,
                            "condition": "minecraft:random_chance"
                        }
                    ],
                    "name": "minecraft:poisonous_potato"
                }
            ],
            "rolls": 1.0
        },
        {
            "bonus_rolls": 0.0,
            "conditions": [
                {
                    "block": "minecraft:potatoes",
                    "condition": "minecraft:block_state_property",
                    "properties": {
                        "age": "7"
                    }
                }
            ],
            "entries": [
                {
                    "type": "minecraft:item",
                    "functions": [
                        {
                            "function": "minecraft:set_components",
                            "components": {
                                "minecraft:custom_data": {
                                    "hxp.indicator": 1
                                }
                            }
                        }
                    ],
                    "name": "minecraft:potato"
                }
            ],
            "rolls": 1.0
        }
    ],
    "random_sequence": "minecraft:blocks/potatoes"
}