{
    "type": "minecraft:block",
    "functions": [
        {
            "function": "minecraft:explosion_decay"
        }
    ],
    "pools": [
        {
            "bonus_rolls": 0.0,
            "entries": [
                {
                    "type": "minecraft:alternatives",
                    "children": [
                        {
                            "type": "minecraft:item",
                            "conditions": [
                                {
                                    "block": "minecraft:wheat",
                                    "condition": "minecraft:block_state_property",
                                    "properties": {
                                        "age": "7"
                                    }
                                }
                            ],
                            "name": "minecraft:wheat"
                        },
                        {
                            "type": "minecraft:item",
                            "name": "minecraft:wheat_seeds"
                        }
                    ]
                }
            ],
            "rolls": 1.0
        },
        {
            "bonus_rolls": 0.0,
            "conditions": [
                {
                    "block": "minecraft:wheat",
                    "condition": "minecraft:block_state_property",
                    "properties": {
                        "age": "7"
                    }
                }
            ],
            "entries": [
                {
                    "type": "minecraft:item",
                    "functions": [
                        {
                            "enchantment": "minecraft:fortune",
                            "formula": "minecraft:binomial_with_bonus_count",
                            "function": "minecraft:apply_bonus",
                            "parameters": {
                                "extra": 3,
                                "probability": 0.5714286
                            }
                        }
                    ],
                    "name": "minecraft:wheat_seeds"
                }
            ],
            "rolls": 1.0
        },
        {
            "bonus_rolls": 0.0,
            "conditions": [
                {
                    "block": "minecraft:wheat",
                    "condition": "minecraft:block_state_property",
                    "properties": {
                        "age": "7"
                    }
                }
            ],
            "entries": [
                {
                    "type": "minecraft:item",
                    "functions": [
                        {
                            "function": "minecraft:set_components",
                            "components": {
                                "minecraft:custom_data": {
                                    "hxp.indicator": 1
                                }
                            }
                        }
                    ],
                    "name": "minecraft:wheat_seeds"
                }
            ],
            "rolls": 1.0
        }
    ],
    "random_sequence": "minecraft:blocks/wheat"
}