{
    "display": {
        "icon": {
            "id": "minecraft:player_head",
            "components": {
              "minecraft:profile": "efeketket"
        }
        },
        "title": "Ketket's Datapacks",
        "description": "Advancements of the all Ketket's Datapacks",
        "background": "minecraft:block/birch_planks",
        "announce_to_chat": false,
        "hidden": false
    },
    "criteria": {
        "requirement": {
            "trigger": "minecraft:location"
        }
    }
}


